cf_type,addr,target
7,7ffff385299d,7ffff382956f
7,7ffff3852017,7ffff3829502
2,7ffff3852ab6,7ffff3852960
3,7ffff3852aaa,7ffff3851be0
3,7ffff3852a9f,7ffff3851bd0
2,7ffff3852a89,7ffff38529b0
2,7ffff3852a31,0
3,7ffff3852a7d,7ffff3851be0
3,7ffff3852a25,7ffff3851be0
3,7ffff3852a6f,7ffff3851bd0
2,7ffff3852a52,7ffff3852a10
3,7ffff3852a17,7ffff3851bd0
2,7ffff3852a5b,7ffff3852a40
1,7ffff3852a5d,7ffff3852981
3,7ffff3852a4b,7ffff38285a0
1,7ffff3852a0a,7ffff3852981
2,7ffff3852a08,7ffff38529f0
3,7ffff38529b8,7ffff38285a0
3,7ffff38529f8,7ffff38285a0
2,7ffff38529bf,7ffff3852a68
2,7ffff38529ff,7ffff38529d0
3,7ffff38529e2,7ffff3851be0
2,7ffff38529ab,7ffff38529f0
2,7ffff38529ee,7ffff3852981
3,7ffff38529d7,7ffff3851bd0
2,7ffff385298f,0
1,7ffff38529ce,7ffff3852981
2,7ffff38529cc,7ffff38529b0
2,7ffff3852972,7ffff3852a98
3,7ffff3852938,7ffff38282b0
2,7ffff385297f,7ffff3852960
3,7ffff385296b,7ffff38285a0
2,7ffff3852955,7ffff3852a40
2,7ffff3852943,0
2,7ffff3852948,7ffff38529a0
2,7ffff3852005,7ffff3851f60
2,7ffff385200e,7ffff3851ff8
1,7ffff3851ff0,7ffff385200b
2,7ffff3851fe8,7ffff385200b
2,7ffff3851f78,7ffff3851f90
2,7ffff3851f3d,7ffff3851f4b
1,7ffff3851f27,7ffff3851f3f
2,7ffff3851f6a,0
2,7ffff3851f42,7ffff3851f30
2,7ffff3851a0e,0
2,7ffff3851db4,7ffff3851d89
1,7ffff3851db9,7ffff3851d89
2,7ffff38515bd,0
2,7ffff38515a2,7ffff3851580
3,7ffff38515aa,7ffff3851be0
2,7ffff3851590,7ffff3851599
2,7ffff3851d9f,0
2,7ffff3851d83,7ffff3851dc0
2,7ffff3851d87,7ffff3851db0
2,7ffff3851dc4,7ffff3851d89
1,7ffff3851dc9,7ffff3851d89
3,7ffff3851d8c,7ffff3851be0
2,7ffff3851935,0
2,7ffff3851d7b,7ffff3851d80
3,7ffff3851d60,7ffff3851bd0
2,7ffff3851925,0
3,7ffff3851d6e,7ffff38282b0
3,7ffff385156c,7ffff3851bd0
7,7ffff3851bee,7ffff3849d55
7,7ffff3851bd7,7ffff3849d0d
7,7ffff3851f17,7ffff38294ae
7,7ffff3851b19,7ffff384a9b0
7,7ffff3851ef7,7ffff38294a0
7,7ffff3851a10,7ffff384a9a5
7,7ffff3851df7,7ffff3849c70
7,7ffff3851dab,7ffff3829438
7,7ffff3851deb,7ffff38293ee
7,7ffff38515c7,7ffff38284aa
7,7ffff3851d07,7ffff382951a
7,7ffff3851945,7ffff382849d
2,7ffff3845df5,0
1,7ffff38455a6,7ffff38454d5
2,7ffff3845593,0
1,7ffff3845595,7ffff3845551
2,7ffff3845583,7ffff38455b7
1,7ffff38455c5,7ffff38454d5
3,7ffff3845573,7ffff38236d0
1,7ffff3845578,7ffff3845556
3,7ffff384552a,7ffff3823850
2,7ffff3845510,7ffff3845590
2,7ffff3845554,0
2,7ffff3845541,7ffff3845570
2,7ffff38454b8,7ffff38455a0
2,7ffff38454a3,0
3,7ffff38454e2,7ffff38236e0
2,7ffff38454cf,7ffff3845580
7,7ffff3845e01,7ffff384abcf
7,7ffff3845926,7ffff384ac47
7,7ffff384556f,7ffff3843e13
7,7ffff384a67b,7ffff384a93e
7,7ffff384aa55,7ffff38284ff
1,7ffff3843e1d,7ffff3843c7a
3,7ffff3843e0e,7ffff3845470
2,7ffff3843dbf,7ffff3843c7a
1,7ffff3843de7,7ffff3843c7a
3,7ffff3843da9,7ffff383ce00
1,7ffff384b1a8,7ffff383a6b0
2,7ffff3843dd3,7ffff3843df8
2,7ffff3843d80,7ffff3843d93
1,7ffff384b188,7ffff383a690
2,7ffff3843d33,7ffff3843d50
3,7ffff3843d6f,7ffff383d160
2,7ffff3843d1c,7ffff3843d50
2,7ffff3843d05,7ffff3843d50
2,7ffff3843d48,0
2,7ffff3843cee,7ffff3843cd0
2,7ffff3843c91,0
2,7ffff3843cda,0
2,7ffff3843cc1,7ffff3843c7a
2,7ffff3843c81,7ffff3843c66
1,7ffff384b0c1,7ffff384b068
1,7ffff3843cc6,7ffff3843ce0
2,7ffff384b031,0
2,7ffff3843c78,7ffff3843cb0
2,7ffff384b07f,7ffff384b0ab
3,7ffff384b03c,7ffff3826d30
2,7ffff384b066,7ffff384b0b0
2,7ffff384a7f6,7ffff384a817
2,7ffff384abe1,0
2,7ffff384a7e4,0
2,7ffff384a7d3,0
2,7ffff384abd5,7ffff384ad66
2,7ffff384ab98,7ffff384a8ec
1,7ffff384a7c6,7ffff384a66a
3,7ffff384abca,7ffff3845de0
2,7ffff384abc8,7ffff384abb8
3,7ffff384ab8d,7ffff383f800
3,7ffff384ab30,7ffff3839800
3,7ffff384ab75,7ffff3843c20
2,7ffff384a739,0
2,7ffff384ab3f,7ffff384a8ec
2,7ffff384a727,7ffff384a7c0
1,7ffff384ab2c,7ffff384aad2
3,7ffff384a753,7ffff383a0d0
2,7ffff384a715,7ffff384a73b
2,7ffff384a75a,7ffff384a720
3,7ffff384ab5d,7ffff383fa80
1,7ffff384a75c,7ffff384a66a
2,7ffff384a703,0
3,7ffff384a741,7ffff383cae0
2,7ffff384a748,7ffff384a720
3,7ffff384ab0e,7ffff383bc80
2,7ffff384aab5,7ffff384ab08
2,7ffff384a6b5,7ffff384a69e
3,7ffff384a6bd,7ffff383cae0
1,7ffff384aafc,7ffff384aa30
2,7ffff384a6a3,7ffff384a7d0
2,7ffff384aaa0,7ffff384aa88
2,7ffff384a690,7ffff384a66a
2,7ffff384a6dc,7ffff384a7c0
1,7ffff384aa83,7ffff384aa98
1,7ffff384a6c6,7ffff384a680
2,7ffff384a6c4,7ffff384a698
3,7ffff384a689,7ffff383a0d0
2,7ffff384aa8f,0
2,7ffff384a635,7ffff384a6d0
7,7ffff384b23a,7ffff3828515
2,7ffff384aa78,7ffff384a8fd
2,7ffff384aa3e,0
3,7ffff384a661,7ffff383a0d0
3,7ffff384aa60,7ffff3851a00
2,7ffff384a668,7ffff384a630
3,7ffff384aa6d,7ffff3851ab0
2,7ffff384a656,7ffff384a630
2,7ffff384a647,7ffff384a630
3,7ffff384a64f,7ffff383cae0
1,7ffff384a9b7,7ffff384a9c3
7,7ffff384b1fa,7ffff382855b
3,7ffff384a9a0,7ffff3851a00
3,7ffff384a9ab,7ffff3851ab0
2,7ffff384a99a,7ffff384a90e
2,7ffff384a9d8,7ffff384a9c0
2,7ffff384a5c3,0
2,7ffff384a9cb,7ffff384aaa2
1,7ffff384ad8a,7ffff384a8a0
2,7ffff384a5cf,7ffff384a63b
3,7ffff384a53b,7ffff3851ab0
3,7ffff384a939,7ffff384a510
3,7ffff384a923,7ffff3851ab0
7,7ffff384b16a,7ffff382856c
3,7ffff384a52e,7ffff3851a00
1,7ffff384ad6e,7ffff384a8fd
3,7ffff384a96d,7ffff383d160
3,7ffff384a913,7ffff3851a00
2,7ffff384a559,7ffff384a6a9
3,7ffff384a95d,7ffff3845910
2,7ffff384a542,7ffff384a5c0
1,7ffff384ad40,7ffff384aa30
2,7ffff384a944,7ffff384acf0
3,7ffff384a94f,7ffff383d7a0
2,7ffff384a54d,0
2,7ffff384acbc,7ffff384ac10
1,7ffff384ace7,7ffff384ac10
2,7ffff384a8e6,7ffff384ab30
7,7ffff3843ca5,7ffff384ab7a
7,7ffff384b0af,7ffff382791e
3,7ffff384a8ec,7ffff3845de0
2,7ffff384ac96,7ffff384acb5
2,7ffff384ac9f,7ffff384ac80
2,7ffff384a8de,7ffff384a8ec
3,7ffff384ac8d,7ffff383d000
2,7ffff384a836,7ffff384a66a
3,7ffff384ac34,7ffff383d7a0
1,7ffff384a83c,7ffff384a800
2,7ffff384a824,7ffff384a800
3,7ffff384a82f,7ffff383a0d0
2,7ffff384ac2d,7ffff384ac10
3,7ffff384ac52,7ffff383ff30
2,7ffff384a815,0
2,7ffff384ac18,7ffff384aa60
3,7ffff384a81d,7ffff383cae0
3,7ffff384ac42,7ffff3845910
2,7ffff384a807,7ffff384a7c0
1,7ffff384ac06,7ffff384ac1e
3,7ffff7341b24,7ffff7331ef0
2,7ffff7341b2c,0
2,7ffff3849ea5,0
2,7ffff3849e95,0
2,7ffff3849d63,0
3,7ffff3849d22,7ffff3851ef0
2,7ffff3849d29,7ffff3849d4d
3,7ffff3849d50,7ffff3851be0
2,7ffff3849d1a,7ffff3849d4d
3,7ffff3849d08,7ffff3851bd0
2,7ffff3849c9b,0
3,7ffff3849c88,7ffff3851be0
3,7ffff3849c6b,7ffff3851df0
7,7ffff3840029,7ffff384ac57
3,7ffff3849c5f,7ffff3851ef0
3,7ffff3849c4a,7ffff3851bd0
7,7ffff7341b2f,7ffff38454e7
7,7ffff3849eb5,7ffff38293d8
7,7ffff3849d71,7ffff38293e6
7,7ffff3849cab,7ffff382944b
2,7ffff3840023,0
1,7ffff383fbf1,7ffff383fb7a
2,7ffff383fff9,7ffff383fffe
2,7ffff383fba3,7ffff383fbac
2,7ffff383fbeb,7ffff383fb2b
2,7ffff383ffa8,7ffff383ffad
2,7ffff383ffd1,7ffff383ffd6
1,7ffff383fbd1,7ffff383fb7a
2,7ffff383fb91,7ffff383facf
2,7ffff383fbcb,7ffff383fb10
2,7ffff383fb74,7ffff383fac0
2,7ffff383ff7f,7ffff383ff84
2,7ffff383fb25,7ffff383fbd8
1,7ffff713f72b,7ffff713b840
2,7ffff713f717,7ffff713f725
2,7ffff383fb5b,7ffff383fac0
2,7ffff383fb40,7ffff383fbf8
2,7ffff383fb0a,7ffff383fbb8
2,7ffff713f708,0
2,7ffff383faf3,0
1,7ffff383fabb,7ffff383facf
2,7ffff713f6fa,0
2,7ffff713f6e5,0
2,7ffff383faa0,7ffff383fba0
2,7ffff713f6ee,0
2,7ffff383fadf,7ffff383fac0
2,7ffff383fac9,7ffff383fba0
2,7ffff383fa30,7ffff383f871
1,7ffff383fa75,7ffff383f856
2,7ffff383fa60,7ffff383f856
3,7ffff383fa29,7ffff383d160
1,7ffff713f213,7ffff713f186
1,7ffff383fa15,7ffff383f88c
3,7ffff383fa59,7ffff383d160
2,7ffff383fa00,7ffff383f88c
1,7ffff383fa45,7ffff383f871
1,7ffff383f9b5,7ffff383f8c2
3,7ffff383f9f9,7ffff383d160
2,7ffff383f9a0,7ffff383f8c2
1,7ffff383f9e5,7ffff383f8a7
2,7ffff713f1ea,0
2,7ffff383f9d0,7ffff383f8a7
3,7ffff383f999,7ffff383d160
1,7ffff713f19c,7ffff713f113
1,7ffff383f985,7ffff383f8dd
3,7ffff383f9c9,7ffff383d160
2,7ffff383f970,7ffff383f8dd
3,7ffff383f930,7ffff383d160
2,7ffff383f937,7ffff383f8f0
2,7ffff713f13f,0
2,7ffff713f166,0
1,7ffff733fd64,7ffff7332960
2,7ffff713f122,0
2,7ffff713f12f,7ffff713f1e0
3,7ffff383f969,7ffff383d160
2,7ffff713f16a,7ffff713f186
2,7ffff713f111,7ffff713f190
1,7ffff383f91f,7ffff383f83b
2,7ffff713f15a,0
3,7ffff383f903,7ffff383d160
2,7ffff713f101,0
3,7ffff713f14f,7ffff713ca70
2,7ffff383f90a,7ffff383f83b
2,7ffff383f8bc,7ffff383f990
2,7ffff713f0f8,0
2,7ffff383f8a1,7ffff383f9c0
2,7ffff383f8ee,7ffff383f928
2,7ffff383f8d7,7ffff383f960
2,7ffff383f886,7ffff383f9f0
2,7ffff383f835,7ffff383f900
2,7ffff383f86b,7ffff383fa20
1,7ffff383fc11,7ffff383fb7a
2,7ffff383f850,7ffff383fa50
2,7ffff383fc0b,7ffff383fb46
7,7ffff383fbb0,7ffff384ab62
7,7ffff713f18d,7ffff7341b29
7,7ffff383f956,7ffff384ab92
7,7ffff383f8fe,7ffff384ab92
2,7ffff383d3b2,7ffff383d5b7
7,7ffff383cbba,7ffff384a6c2
2,7ffff383d3fa,7ffff383d270
2,7ffff383d3bc,7ffff383d3e0
1,7ffff383d3e3,7ffff383d1c8
2,7ffff383d3a8,7ffff383d330
7,7ffff383c7e8,7ffff3828460
2,7ffff383d3ac,7ffff383d330
2,7ffff383d391,7ffff383d4a0
2,7ffff383d3da,7ffff383d236
1,7ffff383d3c4,7ffff383d330
2,7ffff383d33a,7ffff383d2f5
2,7ffff383d378,7ffff383d468
2,7ffff383d321,7ffff383d2f5
1,7ffff383d326,7ffff383d33c
2,7ffff383d35f,7ffff383d448
1,7ffff383d304,7ffff383d1c8
2,7ffff383d34a,7ffff383d330
1,7ffff713d348,7ffff713cfe7
2,7ffff383d2f3,7ffff383d310
2,7ffff383d2be,7ffff383d1c8
2,7ffff383d2fc,7ffff383d2d8
7,7ffff383cea5,7ffff3843dae
2,7ffff383d2a4,7ffff383d3e0
2,7ffff383d2eb,7ffff383d420
2,7ffff383d296,7ffff383d408
2,7ffff383d29f,7ffff383d2aa
2,7ffff383d230,7ffff383d3e0
2,7ffff713d232,7ffff713cf33
2,7ffff383d222,7ffff383d3d0
7,7ffff713ce26,7ffff713f154
2,7ffff383d265,7ffff383d270
2,7ffff383d22b,7ffff383d236
2,7ffff383d26a,7ffff383d3e0
2,7ffff713d229,0
2,7ffff383d25c,7ffff383d3f0
2,7ffff383d1fa,7ffff383d1c8
2,7ffff383d1b8,7ffff383d1f0
2,7ffff383d1bd,7ffff383d1fc
2,7ffff383d5a9,7ffff383d562
2,7ffff383d592,7ffff383d4e1
2,7ffff383d190,7ffff383d1c8
2,7ffff383d1d6,0
2,7ffff713d1d8,7ffff713d338
2,7ffff383d1c2,7ffff383d1fc
1,7ffff383d5c1,7ffff383d330
2,7ffff383d581,0
1,7ffff383d587,7ffff383d330
2,7ffff713d133,7ffff713d14c
2,7ffff383d579,7ffff383d330
2,7ffff713d17a,7ffff713d1c0
2,7ffff383d560,7ffff383d5a7
2,7ffff713d122,7ffff713d129
2,7ffff383d525,7ffff383d3be
2,7ffff383d52d,7ffff383d3be
2,7ffff713d168,0
1,7ffff713d151,7ffff713d0d4
2,7ffff383d502,0
1,7ffff383d504,7ffff383d397
2,7ffff383d4b2,7ffff383d3e0
2,7ffff383d4fa,7ffff383d397
1,7ffff383d4be,7ffff383d397
2,7ffff383d4a2,7ffff383d397
2,7ffff383d4ac,7ffff383d510
1,7ffff383d49b,7ffff383d2f5
2,7ffff383d4db,7ffff383d590
2,7ffff713d0dc,7ffff713ce12
1,7ffff383d48a,7ffff383d37e
2,7ffff383d474,7ffff383d548
2,7ffff383d434,7ffff383d3e0
2,7ffff383d47e,7ffff383d3e0
1,7ffff383d43c,7ffff383d2f5
2,7ffff383d423,0
2,7ffff713d023,7ffff713d220
2,7ffff383d46a,7ffff383d37e
2,7ffff383d42d,7ffff383d490
2,7ffff383d412,7ffff383d2aa
2,7ffff383d454,7ffff383d4c3
2,7ffff383d45a,7ffff383d3e0
1,7ffff383d418,7ffff383d3e0
1,7ffff383d45c,7ffff383d365
1,7ffff383d400,7ffff383d3e0
2,7ffff383d44a,7ffff383d365
2,7ffff383cfb3,7ffff383ce6c
2,7ffff383cbb4,0
2,7ffff383c3bb,7ffff383c1d6
2,7ffff713cbbe,0
2,7ffff713cfbe,7ffff713d110
1,7ffff383c7f8,7ffff383c7d4
2,7ffff383cfbe,7ffff383cef4
2,7ffff383c7e2,0
1,7ffff383cfab,7ffff383ce6c
2,7ffff713cbaa,0
2,7ffff383c3ed,7ffff383c1d6
2,7ffff713cfa8,7ffff713cfb3
2,7ffff713cf92,0
2,7ffff383c3d4,7ffff383c1d6
1,7ffff383cfda,7ffff383ce6c
2,7ffff383cb99,7ffff383cbc0
2,7ffff713cf9b,0
1,7ffff383c39c,7ffff383c1ec
1,7ffff383cbc7,7ffff383cba3
2,7ffff383cfc7,7ffff383ce6c
2,7ffff383c7cb,7ffff383c7f0
2,7ffff713cbca,0
2,7ffff713cfca,7ffff713d158
2,7ffff383cf8e,0
2,7ffff383c38d,7ffff383c1ec
2,7ffff713cf88,0
2,7ffff383cf37,7ffff383cf18
2,7ffff383c375,7ffff383c1ec
2,7ffff383cf79,7ffff383cf90
2,7ffff713cf7a,0
2,7ffff383cf63,7ffff383cf90
2,7ffff383cf22,0
2,7ffff713cf61,0
1,7ffff383c324,7ffff383c202
2,7ffff713cf6a,0
1,7ffff383cf12,7ffff383cf28
2,7ffff713cf53,0
2,7ffff383c315,7ffff383c202
2,7ffff383c754,7ffff383c7d4
2,7ffff383cb1b,7ffff383cba6
2,7ffff383c35c,7ffff383c1ec
1,7ffff383c703,7ffff383be2a
2,7ffff383c343,0
2,7ffff713cf43,0
2,7ffff383cf06,7ffff383ce6c
1,7ffff383c70e,7ffff383be2a
2,7ffff383cf4d,7ffff383cf90
1,7ffff383c6b2,7ffff383bec7
2,7ffff383cef7,7ffff383cf04
1,7ffff383c6f6,7ffff383bdd1
2,7ffff713cebc,0
2,7ffff383cefe,7ffff383ce6c
2,7ffff383c2fd,7ffff383c202
1,7ffff383c6e6,7ffff383c0a7
2,7ffff383cee5,7ffff383cf10
2,7ffff383c2e4,0
3,7ffff383c2aa,7ffff383a460
2,7ffff713ceee,0
1,7ffff383c2af,7ffff383bf1f
2,7ffff383ceee,7ffff383cfc4
2,7ffff383ced1,7ffff383ce6c
2,7ffff383ce91,0
1,7ffff383c6d6,7ffff383c04d
2,7ffff383ced5,7ffff383cf10
1,7ffff383c29e,7ffff383c1c0
2,7ffff713ca98,7ffff713cba0
2,7ffff383cedc,7ffff383cfb0
1,7ffff383c6c3,7ffff383c0a7
2,7ffff383ce81,7ffff383ce58
2,7ffff383c2cb,7ffff383c202
1,7ffff383c68b,7ffff383c476
2,7ffff383c28f,7ffff383c1c0
2,7ffff383c633,7ffff383c476
2,7ffff383ce73,7ffff383ce5b
2,7ffff383c230,7ffff383c1c0
2,7ffff713ca73,0
2,7ffff383c277,0
2,7ffff383c67d,0
2,7ffff383c665,7ffff383c476
2,7ffff383ce6a,7ffff383ceb0
1,7ffff383c61b,7ffff383c48c
2,7ffff383c21a,7ffff383c420
2,7ffff383c25e,7ffff383c1c0
2,7ffff383c245,7ffff383c1c0
2,7ffff383c60d,7ffff383c48c
2,7ffff383c64c,7ffff383c476
2,7ffff383c5f5,7ffff383c48c
1,7ffff383c1b9,7ffff383c220
2,7ffff383c1fc,7ffff383c2b8
2,7ffff383c1e6,7ffff383c330
7,7ffff383d1e5,7ffff383f9ce
1,7ffff383c5ab,7ffff383c4a2
2,7ffff383c1aa,7ffff383c450
2,7ffff383c1d0,7ffff383c3a8
2,7ffff383c59d,7ffff383c4a2
2,7ffff383c5dc,7ffff383c48c
2,7ffff383c5c3,0
2,7ffff383c585,7ffff383c4a2
1,7ffff383c53b,7ffff383c460
1,7ffff383c139,7ffff383bec7
2,7ffff383c52d,7ffff383c460
2,7ffff383c56c,0
2,7ffff383c553,7ffff383c4a2
2,7ffff383c515,0
2,7ffff383c11e,7ffff383bfb0
2,7ffff383c15d,7ffff383bec7
7,7ffff383d8b6,7ffff384ac39
2,7ffff383c4b8,7ffff383c690
2,7ffff383c4fc,7ffff383c460
2,7ffff383c0e3,7ffff383c0f4
2,7ffff383c4e3,7ffff383c460
2,7ffff383c0d6,7ffff383c0f4
2,7ffff383c49c,7ffff383c540
2,7ffff383c0dc,7ffff383c0e5
2,7ffff383c080,7ffff383c6e0
2,7ffff383c486,7ffff383c5b0
2,7ffff383c0c9,7ffff383c0f4
2,7ffff383c0cf,7ffff383c0e5
2,7ffff383c4ce,7ffff383c460
2,7ffff713cc75,7ffff713ce9d
2,7ffff383c470,7ffff383c620
2,7ffff383c079,7ffff383c086
2,7ffff383c06f,7ffff383c6c0
2,7ffff383c02d,7ffff383c6d0
2,7ffff713cc50,7ffff713cc70
1,7ffff383c414,7ffff383c1d6
1,7ffff383c458,7ffff383c4be
1,7ffff383c442,7ffff383bec7
2,7ffff383c405,0
7,7ffff383d00e,7ffff384ac92
2,7ffff383bbb3,7ffff383bbdc
2,7ffff383b7bb,0
2,7ffff383bbb9,7ffff383bbcd
2,7ffff383bbbf,7ffff383bbdc
1,7ffff713bbba,7ffff713ba97
2,7ffff383b7a5,0
2,7ffff383bbc5,7ffff383bbcd
2,7ffff383bbcb,7ffff383bbdc
1,7ffff383b7c8,7ffff383b5b6
2,7ffff383b78c,7ffff383b5b6
2,7ffff383b773,7ffff383b5b6
2,7ffff383b735,0
7,7ffff383a734,7ffff38283c0
2,7ffff383bf61,7ffff383bec7
2,7ffff383bb66,7ffff383bb73
2,7ffff383bf2d,0
2,7ffff383bb6d,7ffff383bc40
2,7ffff383bf19,7ffff383c2a8
1,7ffff383b758,7ffff383b5cc
1,7ffff713bb1a,7ffff713b975
2,7ffff383bb5d,7ffff383bc20
2,7ffff383bb1c,7ffff383bc30
2,7ffff383b71c,0
2,7ffff383b703,0
2,7ffff383b74b,0
2,7ffff713bab6,0
2,7ffff383beb7,7ffff383bf50
7,7ffff383a6a8,7ffff382857d
1,7ffff383b6e8,7ffff383b5e2
2,7ffff383beae,7ffff383bec7
2,7ffff383b6ac,0
2,7ffff383b693,7ffff383b5e2
2,7ffff383bed0,7ffff383be99
2,7ffff713ba91,7ffff713bbb0
2,7ffff383b6db,0
2,7ffff383bec1,7ffff383c140
7,7ffff383a2c0,7ffff3826e10
2,7ffff713bac2,7ffff713b975
2,7ffff383b6c5,0
1,7ffff383b676,7ffff383b5a0
2,7ffff713ba70,0
2,7ffff383b63a,7ffff383b5a0
2,7ffff383ba3e,0
2,7ffff383be61,7ffff383be72
2,7ffff383b621,0
2,7ffff713ba23,7ffff713ba49
2,7ffff383b669,7ffff383b5a0
2,7ffff713ba17,0
2,7ffff383b653,0
7,7ffff383a657,7ffff383c2af
2,7ffff383be55,7ffff383be72
2,7ffff383be5b,7ffff383be63
2,7ffff713ba59,0
2,7ffff383be03,7ffff383c708
2,7ffff383be49,7ffff383be72
2,7ffff713ba4d,0
2,7ffff383be4f,7ffff383be63
2,7ffff713ba09,0
2,7ffff383b60c,7ffff383b5a0
2,7ffff383bdf2,7ffff383c700
2,7ffff713b9b6,7ffff713b9c2
2,7ffff383b5b0,7ffff383b760
2,7ffff383b5f6,7ffff383b7d0
2,7ffff713b9fc,0
2,7ffff383bdfc,7ffff383be09
2,7ffff713b9a6,0
2,7ffff383b9e1,7ffff383b9bc
2,7ffff383bda9,7ffff383c6f0
2,7ffff713b9eb,0
2,7ffff713b9d5,0
2,7ffff383b9d7,7ffff383ba58
2,7ffff713b9df,0
1,7ffff383b59c,7ffff383b5fc
2,7ffff383b5dc,7ffff383b680
2,7ffff713b983,0
2,7ffff383b5c6,7ffff383b6f0
2,7ffff383b984,7ffff383b98c
2,7ffff383b98a,7ffff383b99b
2,7ffff383b972,7ffff383b99b
2,7ffff383b978,7ffff383b98c
2,7ffff383b97e,7ffff383b99b
7,7ffff383a162,7ffff384a68e
4,7ffff7332964,7ffff713f6d0
2,7ffff383b924,7ffff383b931
2,7ffff383b92b,7ffff383bc68
2,7ffff383b91a,7ffff383bc60
1,7ffff383bcf5,7ffff383b800
2,7ffff713b8bc,7ffff713b8e5
7,7ffff383a0a2,7ffff3826da6
2,7ffff713b8ec,7ffff713b9a0
2,7ffff713b8ab,0
2,7ffff383b8d1,7ffff383bc50
2,7ffff713b894,0
2,7ffff713b8df,7ffff713baf8
2,7ffff383bcde,0
2,7ffff713b8c7,0
2,7ffff713b882,0
2,7ffff713b88c,0
2,7ffff383bcce,7ffff383bd00
2,7ffff713b875,0
1,7ffff383bc35,7ffff383bb3b
1,7ffff383bc23,7ffff383bb93
1,7ffff383bc63,7ffff383b952
1,7ffff383bc6e,7ffff383b952
1,7ffff383bc17,7ffff383b9d9
1,7ffff383bc56,7ffff383b8f9
1,7ffff383bc46,7ffff383bb93
2,7ffff383bc09,7ffff383baa0
7,7ffff383b7f6,7ffff382710e
2,7ffff383a719,7ffff383a6f7
7,7ffff383bf46,7ffff384ab13
2,7ffff383a70d,7ffff383a6e0
2,7ffff383a6f5,7ffff383a71b
2,7ffff383a2ba,0
1,7ffff383a2d7,7ffff383a266
2,7ffff383a295,7ffff383a29d
2,7ffff383a29b,7ffff383a2ac
1,7ffff383a6d9,7ffff383a6f7
2,7ffff383a283,7ffff383a2ac
1,7ffff383a2c7,7ffff383a20e
1,7ffff383a686,7ffff383a5be
2,7ffff383a289,0
1,7ffff383a2cf,7ffff383a266
2,7ffff383a28f,7ffff383a2ac
2,7ffff383a6cd,0
1,7ffff383a673,7ffff383a5be
2,7ffff383a632,7ffff383a4c8
2,7ffff383a239,7ffff383a246
1,7ffff383a666,7ffff383a565
2,7ffff383a22f,7ffff383a2cc
7,7ffff383ba52,7ffff384ab13
2,7ffff383a240,7ffff383a2d1
2,7ffff383a646,0
2,7ffff383a5f3,7ffff383a5fc
2,7ffff383a5fa,7ffff383a60b
2,7ffff383a5e0,7ffff383a60b
2,7ffff383a5e6,7ffff383a5fc
2,7ffff383a1e6,7ffff383a2c1
2,7ffff383a5ed,7ffff383a60b
7,7ffff713b997,7ffff3828218
2,7ffff383a591,7ffff383a59e
2,7ffff383a598,7ffff383a680
2,7ffff383a587,7ffff383a670
2,7ffff383a121,7ffff383a162
2,7ffff383a141,7ffff383a162
2,7ffff383a545,7ffff383a660
2,7ffff383a10f,7ffff383a162
2,7ffff383a0fb,7ffff383a162
7,7ffff7230bcb,7ffff38281cf
7,7ffff7230b24,7ffff382dc4f
7,7ffff72309b4,7ffff384552f
7,7ffff72309a7,7ffff384552f
7,7ffff38397fb,7ffff3828432
2,7ffff7230bae,7ffff7230b68
7,7ffff38397da,7ffff3828308
2,7ffff7230b62,0
2,7ffff7230b07,7ffff7230ac5
4,7ffff7331ef4,7ffff713f0e0
2,7ffff7230abf,0
2,7ffff7230a74,7ffff7230b25
2,7ffff7230a7a,0
2,7ffff72309da,7ffff7230a71
2,7ffff72309cd,0
2,7ffff7230973,7ffff72309a8
2,7ffff7230921,7ffff72309c6
2,7ffff723096e,0
2,7ffff7230969,0
2,7ffff723091b,7ffff7230966
7,7ffff383980e,7ffff384ab35
7,7ffff3826f5e,7ffff384b041
1,7ffff38279b2,7ffff3828110
2,7ffff382799e,0
3,7ffff382798b,7ffff3828110
1,7ffff3827136,7ffff3826f4d
2,7ffff382753b,0
2,7ffff3827523,0
1,7ffff3827529,7ffff3827537
2,7ffff382792c,7ffff3827985
2,7ffff3827952,0
1,7ffff3827112,7ffff3826e8e
7,7ffff3826d1b,7ffff38293c8
3,7ffff3827919,7ffff384b020
1,7ffff3827541,7ffff3827506
3,7ffff3827109,7ffff383b550
2,7ffff382790f,0
2,7ffff382750d,7ffff38274dc
3,7ffff38270f1,7ffff383b550
2,7ffff38274b6,0
2,7ffff38274f4,7ffff3827518
1,7ffff38270fa,7ffff3826e8e
2,7ffff38274fd,7ffff38274dc
2,7ffff38270e9,7ffff3827100
2,7ffff38274ee,0
2,7ffff38274ac,0
2,7ffff38274d3,7ffff38274a8
1,7ffff382749f,7ffff38274cf
2,7ffff38274c0,0
2,7ffff38270c7,0
2,7ffff382748a,0
2,7ffff38274cd,7ffff38274e0
2,7ffff3826f71,7ffff3826e8e
2,7ffff3826f30,0
2,7ffff3826f3b,7ffff3827130
2,7ffff3826e97,7ffff3826e69
2,7ffff3826e88,7ffff38270b0
2,7ffff3826e7e,7ffff3826f60
3,7ffff3826e0b,7ffff383a170
3,7ffff3826da1,7ffff383a090
7,7ffff382796e,7ffff3829530
7,7ffff38274df,7ffff3829538
3,7ffff382d7f8,7ffff38236a0
2,7ffff382dbff,0
3,7ffff382d7e2,7ffff38236a0
3,7ffff382dba0,7ffff3823850
3,7ffff382d7a5,7ffff38236a0
2,7ffff382dbec,0
2,7ffff382db98,0
3,7ffff382d78f,7ffff38236a0
2,7ffff382db55,0
3,7ffff382db5e,7ffff38236e0
2,7ffff382db42,0
1,7ffff382dde2,7ffff382d908
2,7ffff382d93a,7ffff382d94a
2,7ffff382dd09,7ffff382d780
2,7ffff382dcf9,0
3,7ffff382dcff,7ffff38236d0
2,7ffff382dca7,7ffff382dcb8
2,7ffff382dce7,0
2,7ffff382d8e4,7ffff382dde0
3,7ffff382dce9,7ffff38236d0
3,7ffff382dcd7,7ffff38236d0
3,7ffff382dc95,7ffff3851ef0
2,7ffff382dcd5,0
2,7ffff382dc9f,0
2,7ffff382dc80,0
2,7ffff382dc88,7ffff382dc92
3,7ffff382d839,7ffff38236a0
3,7ffff382d823,7ffff38236a0
3,7ffff382dc6b,7ffff3829370
2,7ffff382dc42,0
3,7ffff382dc4a,7ffff3823850
3,7ffff382dc08,7ffff38236e0
3,7ffff382d84f,7ffff38236a0
3,7ffff382d80d,7ffff38236a0
4,7ffff38236a4,7ffff7230910
4,7ffff38236e4,7ffff7341b10
4,7ffff38236d4,7ffff733fd60
4,7ffff3823854,7ffff7230910
2,7ffff38293f0,7ffff3829498
3,7ffff38293b9,7ffff384b230
3,7ffff38293f9,7ffff3851de0
3,7ffff38293e1,7ffff3849cc0
3,7ffff38293e9,7ffff3851de0
3,7ffff38293d3,7ffff3849e70
3,7ffff38293c3,7ffff3826d10
3,7ffff38293ce,7ffff3828270
7,7ffff38282b9,7ffff3851d73
7,7ffff38282a9,7ffff38293d3
1,7ffff3829607,7ffff3829562
7,7ffff382820f,7ffff3829530
3,7ffff382959f,7ffff3829370
7,7ffff38285cf,7ffff38529fd
3,7ffff3829533,7ffff3827460
2,7ffff3829526,0
3,7ffff382952b,7ffff38278f0
3,7ffff382956a,7ffff3852910
1,7ffff382956f,7ffff3829426
3,7ffff3829515,7ffff3851d00
2,7ffff3829505,0
2,7ffff3829548,7ffff3829595
2,7ffff38294b4,7ffff3829416
3,7ffff38294fd,7ffff3851f20
3,7ffff38294a9,7ffff3851f10
7,7ffff38284ed,7ffff3829426
3,7ffff382949b,7ffff3851ef0
3,7ffff3829433,7ffff3851d30
3,7ffff3829438,7ffff3849e70
3,7ffff3829421,7ffff38282d0
2,7ffff3829458,0
2,7ffff3829400,7ffff38294f8
3,7ffff3829446,7ffff3849c00
3,7ffff38283bb,7ffff384b190
2,7ffff38283e7,0
2,7ffff3828334,7ffff38284ee
3,7ffff3828303,7ffff38397d0
2,7ffff3828223,7ffff3828257
1,7ffff3828265,7ffff3828175
3,7ffff3828213,7ffff38236d0
1,7ffff3828218,7ffff38281f6
2,7ffff38281b0,0
2,7ffff38281e1,7ffff3828210
2,7ffff38285a9,7ffff38285cf
3,7ffff3828182,7ffff38236e0
2,7ffff3828586,7ffff38284f7
3,7ffff38281ca,7ffff3823850
1,7ffff382858c,7ffff38283b8
3,7ffff3828578,7ffff384b170
2,7ffff3828538,7ffff3828550
3,7ffff3828567,7ffff384b160
2,7ffff382856f,0
2,7ffff382816f,7ffff3828220
3,7ffff3828510,7ffff384b230
3,7ffff3828556,7ffff384b1f0
2,7ffff3828158,0
2,7ffff382855e,7ffff38283b8
2,7ffff3828143,0
2,7ffff3828506,7ffff3828550
2,7ffff382850b,0
3,7ffff38284fa,7ffff384ad80
3,7ffff38284a5,7ffff3851540
2,7ffff38284d9,0
3,7ffff3828498,7ffff3851900
2,7ffff3828488,7ffff3828498
1,7ffff382848d,7ffff3828400
2,7ffff382847b,7ffff3828421
3,7ffff382843a,7ffff3839800
7,7ffff3829478,7ffff38295a4
2,7ffff3828462,7ffff3828419
3,7ffff382842d,7ffff38397e0
2,7ffff3828451,7ffff3828419
3,7ffff382845b,7ffff383c720
2,7ffff382841f,7ffff3828480
1,7ffff3828403,7ffff3828424
2,7ffff3828441,7ffff3828408
3,7ffff3828449,7ffff3839800
